{
    "98": [
        -20.749152984102164,
        17.504821475110763,
        65.4469637737816
    ],
    "40": [
        -22.12286015275217,
        22.84198051092968,
        66.1364234922307
    ],
    "203": [
        -39.384364314578804,
        20.63786136151694,
        78.06030463164439
    ],
    "23": [
        -30.44804822043628,
        18.0195177956372,
        72.0780711825488
    ],
    "124": [
        -26.23547315993359,
        12.148035417819592,
        69.48533480907582
    ],
    "62": [
        -32.99853715623171,
        25.840257460503217,
        73.46986541837332
    ]
}