{
    "a": 0.9992342294900816,
    "b": 0.07926949154598151
}