{
    "a": 1.0638463337431572,
    "b": -0.41490555652632466
}